<?xml version="1.0" encoding="utf-8"?>
<!DOCTYPE hibernate-mapping PUBLIC
        "-//Hibernate/Hibernate Mapping DTD//EN"
        "http://www.hibernate.org/dtd/hibernate-mapping-3.0.dtd">

<hibernate-mapping>
    <class name="TestT" table="ttttt">
        <meta attribute="class-description">
            This class contains the employee detail.
        </meta>
        <id name="id" type="int" column="id">
            <generator class="assigned"/>
        </id>
        <property name="scheme" column="scheme" type="string"/>
        <property name="timetaken" column="timetaken" type="float"/>
        <property name="state" column="state" type="string"/>
        <property name="t1" column="t1" type="float"/>
        <property name="s1" column="s1" type="string"/>
        <property name="t2" column="t2" type="float"/>
        <property name="s2" column="s2" type="string"/>
        <property name="t3" column="t3" type="float"/>
        <property name="s3" column="s3" type="string"/>
        <property name="t4" column="t4" type="float"/>
        <property name="s4" column="s4" type="string"/>
        <property name="t5" column="t5" type="float"/>
        <property name="s5" column="s5" type="string"/>
        <property name="t6" column="t6" type="float"/>
        <property name="s6" column="s6" type="string"/>

    </class>
</hibernate-mapping>